STS_Category,Mean_Functional_Impairment
Little or No STS,7.742857142857143
Mild STS,10.608695652173912
Moderate STS,12.142857142857142
High STS,16.857142857142858
Severe STS,18.846153846153847
